<?xml version="1.0" encoding="UTF-8" standalone="no"?>
<endpoints xmlns="http://xml.netbeans.org/schema/endPoints" xmlns:xsi="http://www.w3.org/2001/XMLSchema-instance" xsi:schemaLocation="http://xml.netbeans.org/schema/endPoints endPoints.xsd">
    <project>
        <name>TienditaCA</name>
        <version>1.0</version>
        <description>description</description>
    </project>
    <team>
        <name>unknown team</name>
        <contact>no contact provided</contact>
    </team>
    <endpoint>
        <type>provider</type>
        <endpoint-name>TienditaWSDLPortTypeRole_myRole</endpoint-name>
        <service-name>
            <namespace>http://enterprise.netbeans.org/bpel/Tiendita/tiendita</namespace>
            <localname>Tienda</localname>
        </service-name>
        <interface-name>
            <namespace>http://j2ee.netbeans.org/wsdl/Tiendita/DescriptorWSDL/TienditaWSDL</namespace>
            <localname>TienditaWSDLPortType</localname>
        </interface-name>
        <description>description of the service provided or consumed through this endPoint</description>
    </endpoint>
    <endpoint>
        <type>consumer</type>
        <endpoint-name>WSAlmacenRole_partnerRole</endpoint-name>
        <service-name>
            <namespace>http://enterprise.netbeans.org/bpel/Tiendita/tiendita</namespace>
            <localname>Almacen</localname>
        </service-name>
        <interface-name>
            <namespace>http://web/</namespace>
            <localname>WSAlmacen</localname>
        </interface-name>
        <description>description of the service provided or consumed through this endPoint</description>
    </endpoint>
    <endpoint>
        <type>consumer</type>
        <endpoint-name>WSEnviosRole_partnerRole</endpoint-name>
        <service-name>
            <namespace>http://enterprise.netbeans.org/bpel/Tiendita/tiendita</namespace>
            <localname>Envios</localname>
        </service-name>
        <interface-name>
            <namespace>http://web/</namespace>
            <localname>WSEnvios</localname>
        </interface-name>
        <description>description of the service provided or consumed through this endPoint</description>
    </endpoint>
    <endpoint>
        <type>consumer</type>
        <endpoint-name>WSOrdenCompraRole_partnerRole</endpoint-name>
        <service-name>
            <namespace>http://enterprise.netbeans.org/bpel/Tiendita/tiendita</namespace>
            <localname>Orden</localname>
        </service-name>
        <interface-name>
            <namespace>http://web/</namespace>
            <localname>WSOrdenCompra</localname>
        </interface-name>
        <description>description of the service provided or consumed through this endPoint</description>
    </endpoint>
    <endpoint>
        <type>consumer</type>
        <endpoint-name>WSPagosRole_partnerRole</endpoint-name>
        <service-name>
            <namespace>http://enterprise.netbeans.org/bpel/Tiendita/tiendita</namespace>
            <localname>Pagos</localname>
        </service-name>
        <interface-name>
            <namespace>http://web/</namespace>
            <localname>WSPagos</localname>
        </interface-name>
        <description>description of the service provided or consumed through this endPoint</description>
    </endpoint>
</endpoints>
